{
    "flags": [
        {
            "name": "United States",
            "price": 100,
            "image": "https://upload.wikimedia.org/wikipedia/en/thumb/a/a4/Flag_of_the_United_States.svg/270px-Flag_of_the_United_States.svg.png"
        },
        {
            "name": "United Kingdom",
            "price": 100,
            "image": "https://upload.wikimedia.org/wikipedia/en/thumb/a/ae/Flag_of_the_United_Kingdom.svg/270px-Flag_of_the_United_Kingdom.svg.png"
        },
        {
            "name": "China",
            "price": 100,
            "image": "https://upload.wikimedia.org/wikipedia/commons/thumb/f/fa/Flag_of_the_People%27s_Republic_of_China.svg/225px-Flag_of_the_People%27s_Republic_of_China.svg.png"
        },
        {
            "name": "India",
            "price": 100,
            "image": "https://upload.wikimedia.org/wikipedia/en/thumb/4/41/Flag_of_India.svg/225px-Flag_of_India.svg.png"
        },
        {
            "name": "corCTF",
            "price": 1e+300,
            "image": "https://ctf.cor.team/assets/img/ctflogo.png"
        }
    ]
}